Date,Close,High,Low,Open,Volume,pos,neu,neg,compound,Target_Up,MA_5,MA_10,MA_20
2023-01-03,123.33064270019533,129.07955877586164,122.44315755676652,128.46818597294893,112117500,0.388,0.612,0.0,0.5859,1,,,
2023-01-04,124.60269927978516,126.87071595607893,123.34050157319416,125.12532731236188,89113600,0.0,0.759,0.241,-0.2263,0,,,
2023-01-05,123.2813491821289,125.9931050560214,123.02497040718632,125.36200610905166,80962700,0.375,0.455,0.17,0.4215,1,,,
2023-01-06,127.81735229492188,128.47803270861587,123.1531372583934,124.2575639751336,87754700,0.375,0.455,0.17,0.4215,1,,,
2023-01-09,128.33999633789062,131.55466910779157,128.08361757784448,128.6555533163335,70790800,0.375,0.455,0.17,0.4215,1,125.47440795898437,,
2023-01-10,128.91192626953125,129.43455432577363,126.33822308555574,128.44846138243565,63896200,0.375,0.455,0.17,0.4215,1,126.59066467285156,,
2023-01-11,131.633544921875,131.6532559460779,128.64568467754964,129.4246914378982,69458900,0.375,0.455,0.17,0.4215,0,127.99683380126953,,
2023-01-12,131.55465698242188,132.3928269168101,129.61205277186403,132.0181218476768,71379600,0.375,0.455,0.17,0.4215,1,129.65149536132813,,
2023-01-13,132.88587951660156,133.04365799858422,129.82900042275443,130.19384999657817,57809700,0.375,0.455,0.17,0.4215,1,130.66520080566406,,
2023-01-17,134.0495147705078,135.38073158991477,132.26468844927925,132.95495069414824,63646600,0.375,0.455,0.17,0.4215,0,131.8071044921875,128.64075622558593,
2023-01-18,133.32962036132812,136.68233001992917,133.15211582478094,134.91723044564642,69672800,0.375,0.455,0.17,0.4215,1,132.69064331054688,129.64065399169922,
2023-01-19,133.38882446289062,134.3551915357547,131.9096847395612,132.21537120826198,58280400,0.375,0.455,0.17,0.4215,1,133.04169921875,130.51926651000977,
2023-01-20,135.95263671875,136.10055969629155,132.3534032973474,133.3986594670003,80223600,0.375,0.455,0.17,0.4215,1,133.92129516601562,131.78639526367186,
2023-01-23,139.1475830078125,141.32685514540398,135.9822178760608,136.19915953850284,81760300,0.375,0.455,0.17,0.4215,1,135.17363586425782,132.91941833496094,
2023-01-24,140.5478057861328,141.169049065949,138.34882305195495,138.35867856319985,66435100,0.375,0.455,0.17,0.4215,0,136.47329406738282,134.14019927978515,
2023-01-25,139.8871307373047,140.44919583129123,136.87954456914778,138.93061947978296,65799300,0.375,0.455,0.17,0.4215,1,137.78479614257813,135.2377197265625,
2023-01-26,141.9579315185547,142.24389182095663,139.9265676340099,141.17890975078,54105100,0.375,0.455,0.17,0.4215,1,139.49861755371094,136.27015838623046,
2023-01-27,143.90054321289062,145.18246711281154,141.09018721144076,141.16907645645273,70555800,0.375,0.455,0.17,0.4215,0,141.08819885253905,137.50474700927734,
2023-01-30,141.01129150390625,143.5258315295515,140.863383580403,142.94404030165967,64015300,0.375,0.455,0.17,0.4215,1,141.4609405517578,138.31728820800782,
2023-01-31,142.28334045410156,142.3326481092963,140.301299106578,140.71545632636276,65874500,0.375,0.455,0.17,0.4215,1,141.80804748535155,139.1406707763672,133.89071350097657
2023-02-01,143.40750122070312,144.57109881294525,139.35467333783802,141.967813832125,77663600,0.375,0.455,0.17,0.4215,1,142.51212158203126,140.1484588623047,134.89455642700196
2023-02-02,148.7225341796875,149.07751316889315,146.10937904089744,146.82922262442523,118339000,0.375,0.455,0.17,0.4215,1,143.86504211425782,141.68182983398438,136.10054817199708
2023-02-03,152.35133361816406,155.19128562284567,145.77409661965578,145.97131216518497,154357300,0.375,0.455,0.17,0.4215,0,145.5552001953125,143.3216995239258,137.55404739379884
2023-02-06,149.61990356445312,150.97086135861267,148.6831181180358,150.4482332133508,69858300,0.375,0.455,0.17,0.4215,1,147.27692260742188,144.36893157958986,138.6441749572754
2023-02-07,152.49928283691406,153.07121860652774,148.54505515759217,148.54505515759217,83322600,0.375,0.455,0.17,0.4215,0,149.3201110839844,145.56407928466797,139.85213928222657
2023-02-08,149.80723571777344,152.4302465157107,149.0676660222592,151.73998447588093,64120100,0.375,0.455,0.17,0.4215,0,150.60005798339844,146.55608978271485,140.89690475463868
2023-02-09,148.7718505859375,152.1837390894266,148.32811173185976,151.64138491373802,56007100,0.375,0.455,0.17,0.4215,1,150.60992126464845,147.23748168945312,141.7538200378418
2023-02-10,149.13723754882812,149.46314684794623,147.36944294161282,147.60647199630503,57450700,0.375,0.455,0.17,0.4215,1,149.96710205078125,147.7611511230469,142.6329490661621
2023-02-13,151.9420623779297,152.34696638235076,149.04839042017383,149.0780171748983,62199000,0.375,0.455,0.17,0.4215,0,150.43153381347656,148.8542282104492,143.58575820922852
2023-02-14,151.3001251220703,151.8630636416052,148.989147669325,150.23351666628918,61707600,0.375,0.455,0.17,0.4215,1,150.19170227050782,149.7559066772461,144.44828872680665
2023-02-15,153.4036865234375,153.57157647071767,150.98407305919312,151.21121650909475,65573800,0.375,0.455,0.17,0.4215,0,150.91099243164064,150.75552520751953,145.4519920349121
2023-02-16,151.80377197265625,154.39127521881363,151.44823591009165,151.60624021713144,68167900,0.375,0.455,0.17,0.4215,0,151.5173767089844,151.06364898681642,146.37273941040038
2023-02-17,150.6581573486328,151.10257366904202,148.97924287733272,150.46064065840176,59144100,0.375,0.455,0.17,0.4215,0,151.82156066894532,150.8943313598633,147.10801544189454
2023-02-21,146.6386260986328,149.4236611977066,146.56950203742764,148.33729678255915,58867200,0.375,0.455,0.17,0.4215,1,150.76087341308593,150.59620361328126,147.48256759643556
2023-02-22,147.0632781982422,148.09037388155102,145.3349810354075,147.0237658241407,51011300,0.375,0.455,0.17,0.4215,1,149.91350402832032,150.05260314941407,147.808341217041
2023-02-23,147.54721069335938,148.47555569965527,145.4140093743504,148.22865607328114,48394200,0.375,0.455,0.17,0.4215,0,148.7422088623047,149.82660064697265,148.19134521484375
2023-02-24,144.89060974121094,145.3646528906462,143.91288161778817,145.28564318748033,55469600,0.375,0.455,0.17,0.4215,1,147.3595764160156,149.4384765625,148.33797912597657
2023-02-27,146.08560180664062,147.32010021469048,145.621429199649,145.87821451304222,44998500,0.375,0.455,0.17,0.4215,0,146.4450653076172,149.13331298828126,148.44723205566407
2023-02-28,145.5819091796875,147.2311969873109,145.0091001993268,145.2263730908277,50547000,0.375,0.455,0.17,0.4215,0,146.2337219238281,148.49729766845704,148.67576293945314
2023-03-01,143.50794982910156,145.40413732845008,143.2116672358624,145.0091039171703,55479000,0.375,0.455,0.17,0.4215,1,145.52265625,147.71808013916015,148.73699340820312
2023-03-02,144.1005096435547,144.8905915062189,142.11542689154663,142.58948505088003,52238100,0.375,0.455,0.17,0.4215,1,144.83331604003905,146.7877624511719,148.7716438293457
2023-03-03,149.15701293945312,149.236022634522,145.50290119247913,146.20408774818284,70732300,0.375,0.455,0.17,0.4215,1,145.6865966796875,146.52308654785156,148.793367767334
2023-03-06,151.92227172851562,154.36164111130708,151.55686512341583,151.88275935147126,87558000,0.375,0.455,0.17,0.4215,0,146.8539306640625,146.64949798583984,148.77191467285155
2023-03-07,149.71994018554688,152.11979733212814,149.25576768015293,151.79388801539042,56182000,0.375,0.455,0.17,0.4215,1,147.68153686523436,146.95762939453124,148.77691650390625
2023-03-08,150.97418212890625,151.56674727343432,149.9470862905562,150.91492862836495,47204800,0.375,0.455,0.17,0.4215,0,149.1747833251953,147.34871978759764,148.70066146850587
2023-03-09,148.72247314453125,152.62348469471294,148.36693703717327,151.65564226284476,53833600,0.375,0.455,0.17,0.4215,0,150.09917602539062,147.46624603271485,148.64642333984375
2023-03-10,146.65838623046875,149.06812912915592,145.77942411442874,148.3471863994858,68572400,0.375,0.455,0.17,0.4215,1,149.59945068359374,147.6430236816406,148.5407501220703
2023-03-13,148.6039581298828,151.2408445051467,145.86830586973156,145.97694231528436,84457100,0.375,0.455,0.17,0.4215,1,148.9357879638672,147.89485931396484,148.51408615112305
2023-03-14,150.69764709472656,151.49759944522177,148.23853654610156,149.4038955086608,73695900,0.375,0.455,0.17,0.4215,1,149.13132934570314,148.40643310546875,148.45186538696288
2023-03-15,151.0927276611328,151.34949789320206,148.06079247647403,149.31504702106903,77167900,0.375,0.455,0.17,0.4215,1,149.15503845214843,149.16491088867187,148.441495513916
2023-03-16,153.91722106933594,154.5196567133458,149.75942505583248,150.27298045799404,76161100,0.375,0.455,0.17,0.4215,0,150.19398803710936,150.14658203125,148.46717224121093
2023-03-17,153.07777404785156,154.7962009363973,152.36670189187112,154.14438228182223,98944600,0.375,0.455,0.17,0.4215,1,151.47786560058594,150.53865814208984,148.5308723449707
2023-03-20,155.44798278808594,155.8627873790452,152.23828797454271,153.14689176758554,73641400,0.375,0.455,0.17,0.4215,1,152.84667053222657,150.89122924804687,148.77036361694337
2023-03-21,157.30470275878906,157.42320976774403,154.59867718770118,155.36901795458434,73938300,0.375,0.455,0.17,0.4215,0,154.16808166503907,151.6497055053711,149.30366744995118
2023-03-22,155.87269592285156,160.12924367096628,155.8529397304782,157.32446713632558,75701800,0.375,0.455,0.17,0.4215,1,155.12407531738282,152.13955688476562,149.74413833618163
2023-03-23,156.95904541015625,159.54656410725272,155.72454710395584,156.86029458739586,67622100,0.375,0.455,0.17,0.4215,1,155.73244018554686,152.9632141113281,150.2147300720215
2023-03-24,158.26268005371094,158.35156031348998,155.89244937558198,156.88991856429575,59196500,0.375,0.455,0.17,0.4215,0,156.76942138671876,154.12364349365234,150.8833335876465
2023-03-27,156.3170928955078,158.77621864094067,155.9121738846932,157.95651005912973,52390300,0.375,0.455,0.17,0.4215,0,156.94324340820313,154.89495697021485,151.39490814208983
2023-03-28,155.69491577148438,156.5245100617194,154.04562789125012,156.0109545619661,45992200,0.375,0.455,0.17,0.4215,1,156.62128601074218,155.39468383789062,151.9005584716797
2023-03-29,158.77622985839844,159.05275625859912,157.37384166607825,157.39358278783644,51305700,0.375,0.455,0.17,0.4215,1,157.20199279785157,156.16303405761718,152.66397247314453
2023-03-30,160.34649658203125,160.45513302219786,159.27001781009866,159.5267880006936,49501700,0.375,0.455,0.17,0.4215,1,157.87948303222657,156.80596160888672,153.47627182006835
2023-03-31,162.85501098632812,162.95377687892702,159.90210067407045,160.42552675181378,68749800,0.375,0.455,0.17,0.4215,1,158.79794921875,157.78368530273437,154.16117172241212
2023-04-03,164.10922241210938,164.22772939647407,162.18340856840544,162.23279150174258,56976200,0.375,0.455,0.17,0.4215,0,160.35637512207032,158.64980926513672,154.7705192565918
2023-04-04,163.575927734375,164.77091335884026,163.06237234715022,164.53389938747162,46278300,0.375,0.455,0.17,0.4215,0,161.93257751464844,159.2769317626953,155.46331863403321
2023-04-05,161.7291259765625,163.0031364887197,159.7934413430479,162.6969833628771,51511700,0.375,0.455,0.17,0.4215,1,162.52315673828124,159.8625747680664,156.001065826416
2023-04-06,162.6179962158203,162.91427882271006,159.99098020805553,160.41564039126865,45390100,0.375,0.455,0.17,0.4215,0,162.97745666503906,160.4284698486328,156.69584197998046
2023-04-10,160.02059936523438,160.02059936523438,158.09478511621296,159.41816361866267,47716900,0.375,0.455,0.17,0.4215,0,162.41057434082032,160.60426177978516,157.36395263671875
2023-04-11,158.80587768554688,160.34652928242556,158.51946561689908,160.33665872023656,47644200,0.375,0.455,0.17,0.4215,0,161.34990539550782,160.85314025878907,157.87404861450196
2023-04-12,158.1145477294922,160.05023261805474,157.7985089324277,159.22065338009935,50133100,0.375,0.455,0.17,0.4215,1,160.25762939453125,161.09510345458983,158.24489364624023
2023-04-13,163.50682067871094,163.74384976611952,159.4181631056541,159.62556544083142,68445600,0.375,0.455,0.17,0.4215,0,160.61316833496093,161.5681625366211,158.86559829711913
2023-04-14,163.16114807128906,164.25738296375815,161.78838681581487,162.54882677930067,49386500,0.375,0.455,0.17,0.4215,1,160.7217987060547,161.84962768554686,159.3277946472168
2023-04-17,163.18092346191406,163.3389428652635,161.99580807591275,163.04266025137323,41516200,0.375,0.455,0.17,0.4215,1,161.35386352539064,161.88221893310546,159.83295211791992
2023-04-18,164.40553283691406,165.33387789076258,163.5956947875371,164.04012619342146,49923000,0.375,0.455,0.17,0.4215,1,162.47379455566406,161.91184997558594,160.28082962036132
2023-04-19,165.55116271972656,166.07458878664085,163.48707013576512,163.74385542338587,47720200,0.375,0.455,0.17,0.4215,0,163.96111755371095,162.1093734741211,160.6931526184082
2023-04-20,164.58328247070312,165.78815383509277,163.50680373238094,164.03022972696172,52456400,0.375,0.455,0.17,0.4215,0,164.17640991210936,162.39478912353516,161.1286819458008
2023-04-21,162.97352600097656,164.38578477260316,162.45009994594136,163.00315275355902,58337300,0.375,0.455,0.17,0.4215,1,164.13888549804688,162.4303421020508,161.4294059753418
2023-04-24,163.27967834472656,163.54633418620037,161.85753394961128,162.95376899838274,41949600,0.375,0.455,0.17,0.4215,0,164.15863647460938,162.75625,161.68025588989258
2023-04-25,161.739013671875,164.2475072794641,161.69950129216383,163.1414017604714,48714100,0.375,0.455,0.17,0.4215,0,163.62533264160157,163.0495635986328,161.95135192871095
2023-04-26,161.7291259765625,163.23027992570658,160.78103984940847,161.03781003602157,45498800,0.375,0.455,0.17,0.4215,1,162.86092529296874,163.41102142333983,162.25306243896483
2023-04-27,166.3214874267578,166.46962119212645,163.14141866066578,163.14141866066578,64902300,0.375,0.455,0.17,0.4215,1,163.20856628417968,163.69248809814454,162.6303253173828
2023-04-28,167.57569885253906,167.7436038513408,165.79803368662212,166.40046934782268,55275900,0.375,0.455,0.17,0.4215,0,164.12900085449218,164.13394317626953,162.9917854309082
2023-05-01,167.48684692382812,168.33618234272492,166.54863124552048,167.180693761707,52472900,0.375,0.455,0.17,0.4215,0,164.9704345703125,164.56453552246094,163.2233772277832
2023-05-02,166.4498748779297,168.2374411469596,165.46227619804043,167.98065584567004,48425700,0.375,0.455,0.17,0.4215,0,165.91260681152343,164.7689697265625,163.3404098510742
2023-05-03,165.37335205078125,168.80031976619634,165.0869551402168,167.39793182123242,65136000,0.375,0.455,0.17,0.4215,0,166.64145202636718,164.75118865966797,163.43028106689454
2023-05-04,163.7339630126953,164.96846124572582,162.27232132426357,162.84513031273676,81235400,0.375,0.455,0.17,0.4215,1,166.1239471435547,164.6662567138672,163.53052291870117
2023-05-05,171.41748046875,172.13842316096267,168.64231599957478,168.85958887715515,113453200,0.375,0.455,0.17,0.4215,0,166.89230346679688,165.51065216064453,163.97049713134766
2023-05-08,171.3483428955078,171.6940084046762,169.97558155808977,170.34098818753938,55962800,0.375,0.455,0.17,0.4215,0,167.66460266113282,166.31751861572266,164.53688430786133
2023-05-09,169.63980102539062,171.38783954566773,169.47191108630196,170.90392591816433,45326900,0.375,0.455,0.17,0.4215,1,168.302587890625,167.10759735107422,165.0785804748535
2023-05-10,171.4075927734375,171.87176527271458,169.76817565129102,170.87429621552187,53724500,0.375,0.455,0.17,0.4215,1,169.50943603515626,168.07544403076173,165.74323272705078
2023-05-11,171.5952606201172,172.4248398461332,170.0348529885771,171.6940265101682,49514700,0.375,0.455,0.17,0.4215,0,171.08169555664062,168.60282135009766,166.14765472412108
2023-05-12,170.66561889648438,172.13916641173466,169.11293731632776,171.70401959715826,45533100,0.375,0.455,0.17,0.4215,0,170.9313232421875,168.91181335449218,166.52287826538085
2023-05-15,170.17112731933594,171.29854623618587,169.57774258819362,171.2490949935239,37266700,0.375,0.455,0.17,0.4215,0,170.6958801269531,169.18024139404298,166.87238845825195
2023-05-16,170.17112731933594,171.229311478379,169.90410268128184,170.0920083491569,42110300,0.375,0.455,0.17,0.4215,1,170.8021453857422,169.5523666381836,167.16066818237306
2023-05-17,170.78431701660156,171.0216588875202,168.5393629149387,169.8151358327416,57951600,0.375,0.455,0.17,0.4215,1,170.677490234375,170.0934631347656,167.4223258972168
2023-05-18,173.11825561523438,173.30616130301183,170.6755118549318,171.09087517456516,65496700,0.375,0.455,0.17,0.4215,1,170.98208923339843,171.03189239501953,167.84907455444335
2023-05-19,173.22705078125,174.44347306887536,173.00947735219142,174.44347306887536,55809500,0.375,0.455,0.17,0.4215,0,171.49437561035157,171.21284942626954,168.36175079345702
2023-05-22,172.27760314941406,172.7819846737764,171.53587981631637,172.06002976447343,43570900,0.375,0.455,0.17,0.4215,0,171.9156707763672,171.30577545166017,168.8116470336914
2023-05-23,169.6667938232422,171.466716951182,169.38988489439063,171.21947575824993,50747300,0.375,0.455,0.17,0.4215,1,171.81480407714844,171.3084747314453,169.20803604125976
2023-05-24,169.9436798095703,170.51728111058472,168.63825433413288,169.2019563309073,45143500,0.375,0.455,0.17,0.4215,1,171.64667663574218,171.1620834350586,169.61876373291017
2023-05-25,171.08099365234375,171.98093998050487,169.79533663873903,170.50739236656926,56058300,0.375,0.455,0.17,0.4215,1,171.23922424316407,171.11065673828125,169.85673904418945
2023-05-26,173.4940643310547,173.83032378662378,171.1996741500605,171.40736336995897,54835000,0.375,0.455,0.17,0.4215,1,171.292626953125,171.39350128173828,170.15265731811525
2023-05-30,175.34341430664062,177.01476677794446,174.6214744245607,175.00716998790764,55964400,0.375,0.455,0.17,0.4215,0,171.90578918457032,171.91072998046874,170.54548568725585
2023-05-31,175.29397583007812,177.37080753192686,174.80937774220615,175.37309480914308,99625300,0.375,0.455,0.17,0.4215,1,173.0312255859375,172.42301483154296,170.9876907348633
2023-06-01,178.1026611328125,178.13232886856773,174.97752884975577,175.73903594508394,68901800,0.375,0.455,0.17,0.4215,1,174.66302185058595,173.15484924316405,171.62415618896483
2023-06-02,178.95314025878906,179.77398268262323,177.2817876805341,179.03225923715402,61996900,0.375,0.455,0.17,0.4215,0,176.237451171875,173.73833770751952,172.38511505126954
2023-06-05,177.59825134277344,182.908986017055,176.0752375225132,180.6145961643528,121946500,0.375,0.455,0.17,0.4215,0,177.05828857421875,174.1754577636719,172.69415359497071
2023-06-06,177.23233032226562,178.13227652640924,175.4719596724279,177.98393789122082,64848400,0.375,0.455,0.17,0.4215,0,177.43607177734376,174.67093048095703,172.98835296630858
2023-06-07,175.85768127441406,179.21027045240393,175.36319900574065,176.47083445864072,61944600,0.375,0.455,0.17,0.4215,1,177.54881286621094,175.2900192260742,173.29924697875975
2023-06-08,178.5773162841797,178.8443258180563,175.50163627026933,175.93676794820152,50214900,0.375,0.455,0.17,0.4215,1,177.64374389648438,176.15338287353515,173.65773315429686
2023-06-09,178.9630584716797,180.21903277362324,178.636698310342,179.4970927690662,48900000,0.375,0.455,0.17,0.4215,1,177.6457275390625,176.94158935546875,174.026123046875
2023-06-12,181.76177978515625,181.8606822718443,178.9729077272824,179.26960009694577,54274900,0.375,0.455,0.17,0.4215,0,178.47843322753906,177.76836090087892,174.5809310913086
2023-06-13,181.287109375,182.11783606754224,180.42671494989577,180.7827428310429,54929100,0.375,0.455,0.17,0.4215,1,179.28938903808594,178.36273040771485,175.1367301940918
2023-06-14,181.9200134277344,182.3551602142352,180.01131922105634,181.34641221738332,57462900,0.375,0.455,0.17,0.4215,1,180.50185546875,179.02533416748048,175.72417449951172
2023-06-15,183.95730590820312,184.46168752877136,181.7519190024484,181.9299404833556,65433200,0.375,0.455,0.17,0.4215,0,181.57785339355468,179.61079864501954,176.3828239440918
2023-06-16,182.8793182373047,184.9264820484004,182.2364973319158,184.669341613924,101256200,0.375,0.455,0.17,0.4215,1,182.3611053466797,180.0034164428711,176.87087707519532
2023-06-20,182.96832275390625,184.0463055632048,182.3749530885541,182.3749530885541,49799100,0.375,0.455,0.17,0.4215,0,182.6024139404297,180.54042358398436,177.35794067382812
2023-06-21,181.929931640625,183.3639272703552,180.57503989811684,182.85954567430247,49515700,0.375,0.455,0.17,0.4215,1,182.7309783935547,181.01018371582032,177.84055709838867
2023-06-22,184.93638610839844,184.9858373580588,181.6431320743364,181.7123668419414,51245300,0.375,0.455,0.17,0.4215,0,183.3342529296875,181.91805419921874,178.6040367126465
2023-06-23,184.619873046875,185.49016657654985,182.9683042551692,183.50235349943316,53117000,0.375,0.455,0.17,0.4215,0,183.46676635742188,182.52230987548828,179.3378463745117
2023-06-26,183.22544860839844,185.974768583144,183.18588157961648,184.7682307420945,48088700,0.375,0.455,0.17,0.4215,1,183.53599243164064,182.94854888916015,179.94506912231446
2023-06-27,185.98471069335935,186.3110708756085,183.62108551622637,183.83865897105903,50730800,0.375,0.455,0.17,0.4215,1,184.13927001953124,183.37084197998047,180.5696014404297
2023-06-28,187.16156005859372,187.80438104509085,185.52977442185303,185.8561194768788,51216800,0.375,0.455,0.17,0.4215,1,185.185595703125,183.95828704833986,181.16050872802734
2023-06-29,187.497802734375,187.97251662731944,186.85498175365,186.99343619982477,46347300,0.375,0.455,0.17,0.4215,1,185.6978790283203,184.5160659790039,181.77070007324218
2023-06-30,191.8294677734375,192.3338342950544,189.14936702429085,189.51529419368583,85213200,0.375,0.455,0.17,0.4215,0,187.13979797363282,185.30328216552735,182.45704040527343
2023-07-03,190.33612060546875,191.7404484310712,189.6438333602496,191.6415459416396,31458200,0.375,0.455,0.17,0.4215,0,188.5619323730469,186.04896240234376,183.02618942260742
2023-07-05,189.21861267089844,190.85039834497115,188.51644111338388,189.45596962493224,46920300,0.375,0.455,0.17,0.4215,1,189.20871276855468,186.67399139404296,183.60720748901366
2023-07-06,189.69329833984372,189.90098754652763,187.1121001189567,187.7450368621044,45094300,0.375,0.455,0.17,0.4215,0,189.71506042480468,187.45032806396483,184.2302558898926
2023-07-07,188.5757598876953,190.5438048450505,188.14062814608693,189.29771490007704,46815000,0.375,0.455,0.17,0.4215,0,189.93065185546874,187.81426544189452,184.86615982055665
2023-07-10,186.52859497070312,187.8933708097929,184.97591346212693,187.17141585961892,59922200,0.375,0.455,0.17,0.4215,0,188.87047729492187,188.00513763427733,185.26372375488282
2023-07-11,186.00445556640625,187.21099353236755,184.54079224834237,187.07253909809663,46638100,0.375,0.455,0.17,0.4215,1,188.00414428710937,188.2830383300781,185.61579360961915
2023-07-12,187.67581176757807,189.584506155405,186.39015480100772,187.58679348705417,60750200,0.375,0.455,0.17,0.4215,1,187.6955841064453,188.4521484375,185.91149520874023
2023-07-13,188.43728637695312,189.08012234659637,187.68567880071848,188.3977344373199,41342300,0.375,0.455,0.17,0.4215,1,187.4443817138672,188.57972106933593,186.26900405883788
2023-07-14,188.58566284179688,189.07024584013212,187.53736277551772,188.13073248396137,41616200,0.375,0.455,0.17,0.4215,1,187.4463623046875,188.68850708007812,186.602286529541
2023-07-17,191.8492431640625,192.17560328436687,189.69329254549467,189.7822957354681,50520200,0.375,0.455,0.17,0.4215,0,188.51049194335937,188.69048461914062,186.99688339233398
2023-07-18,191.59210205078125,192.18548682934457,190.2965608776665,191.21630577539943,48288200,0.375,0.455,0.17,0.4215,1,189.62802124023438,188.8160827636719,187.43252258300782
2023-07-19,192.947021484375,196.04247077365844,190.52404586593127,190.9690920589705,80507300,0.375,0.455,0.17,0.4215,0,190.68226318359376,189.18892364501954,187.93145751953125
2023-07-20,190.99871826171875,194.3018560622021,190.37566579926568,192.9370802265051,59581200,0.375,0.455,0.17,0.4215,0,191.19454956054688,189.31946563720703,188.38489685058593
2023-07-21,189.8218536376953,192.81841494586592,189.1196821840786,191.95802063670837,71951700,0.375,0.455,0.17,0.4215,1,191.44178771972656,189.44407501220704,188.6291702270508
2023-07-24,190.6229248046875,192.759091941705,190.1284425094743,191.27564505606543,45377800,0.375,0.455,0.17,0.4215,1,191.19652404785157,189.85350799560547,188.9293228149414
2023-07-25,191.4833221435547,192.2942803636932,190.79104993758423,191.19652904765343,37283200,0.375,0.455,0.17,0.4215,1,191.17476806640624,190.40139465332032,189.34221649169922
2023-07-26,192.35362243652344,193.4810415222525,191.18665140498052,191.53277997466063,47471900,0.375,0.455,0.17,0.4215,0,191.05608825683595,190.86917572021486,189.66066207885743
2023-07-27,191.08775329589844,195.0238284273441,190.4251487828704,193.85685736898512,47460200,0.375,0.455,0.17,0.4215,1,191.0738952636719,191.13422241210938,189.85697174072266
2023-07-28,193.6689300537109,194.46010471349211,191.9975775461535,192.52172755154825,48291400,0.375,0.455,0.17,0.4215,1,191.843310546875,191.64254913330075,190.16552810668946
2023-07-31,194.28211975097656,194.32168679112075,193.1052492983588,193.89642410679463,38824100,0.375,0.455,0.17,0.4215,0,192.5751495361328,191.88583679199218,190.2881607055664
2023-08-01,193.45138549804688,194.55902113270216,193.12502533632087,194.07443808774235,35175100,0.375,0.455,0.17,0.4215,0,192.96876220703126,192.07176513671874,190.4439239501953
2023-08-02,190.45480346679688,193.026102358892,189.73286353794575,192.88764791924385,50389300,0.375,0.455,0.17,0.4215,0,192.58899841308593,191.82254333496093,190.50573348999023
2023-08-03,189.0603485107422,190.2471029357017,188.58564975883863,189.4559433793295,61235200,0.375,0.455,0.17,0.4215,0,192.1835174560547,191.6287063598633,190.47408599853514
2023-08-04,179.98167419433594,185.312192820491,179.91243942847825,183.47271804853088,115956800,0.375,0.455,0.17,0.4215,0,189.4460662841797,190.64468841552736,190.04438171386718
2023-08-07,176.87632751464844,181.109094861668,175.39288059142936,180.1201302461886,97576100,0.375,0.455,0.17,0.4215,1,185.96490783691405,189.27002868652343,189.56176834106446
2023-08-08,177.8158416748047,178.2806562533865,175.6203390114105,177.7070549630004,67823000,0.375,0.455,0.17,0.4215,0,182.83779907226562,187.90328063964844,189.15233764648437
2023-08-09,176.22361755371094,178.93337110075507,175.05663139218126,178.87403563482027,60378500,0.375,0.455,0.17,0.4215,0,179.99156188964844,186.2902801513672,188.57972793579103
2023-08-10,176.0060272216797,178.7553475423464,175.64011515660735,177.49935830249015,54686900,0.375,0.455,0.17,0.4215,1,177.38069763183594,184.7821075439453,187.95816497802736
2023-08-11,176.0654296875,176.88738049769475,174.8374673630278,175.60000259117115,52036700,0.375,0.455,0.17,0.4215,1,176.59744873046876,183.02175750732422,187.3321533203125
2023-08-14,177.71925354003906,177.94701832041608,175.5900993670502,176.2437010263368,43675600,0.375,0.455,0.17,0.4215,0,176.7660339355469,181.36547088623047,186.62565383911132
2023-08-15,175.728759765625,177.73906787465037,175.3326457472995,177.14489684716207,43622600,0.375,0.455,0.17,0.4215,0,176.34861755371094,179.59320831298828,185.8324867248535
2023-08-16,174.85726928710938,176.80814628515878,174.78794103749047,175.4118348409486,46964900,0.375,0.455,0.17,0.4215,0,176.07534790039062,178.03345489501953,184.92799911499023
2023-08-17,172.31222534179688,175.78817341312092,171.7972650350441,175.42176719468313,66062900,0.375,0.455,0.17,0.4215,1,175.33658752441406,176.358642578125,183.99367446899413
2023-08-18,172.79747009277344,173.40155375891743,170.29201204567954,170.62871045348956,61172200,0.375,0.455,0.17,0.4215,1,174.68299560546876,175.64022216796874,183.14245529174804
2023-08-21,174.1343536376953,174.4215491084137,172.05473264129324,173.37183349440417,46311900,0.375,0.455,0.17,0.4215,1,173.966015625,175.36602478027345,182.31802673339843
2023-08-22,175.5108642578125,175.95649623435884,174.54037449165708,175.34251507159627,42038900,0.375,0.455,0.17,0.4215,1,173.9224365234375,175.13552703857422,181.51940383911133
2023-08-23,179.36314392089844,179.78898080878903,176.60021337314086,176.78837280424742,52722800,0.375,0.455,0.17,0.4215,0,174.8236114501953,175.44947967529296,180.86987991333007
2023-08-24,174.6691131591797,179.34333021614268,174.3026918957578,178.91749337237624,54945800,0.375,0.455,0.17,0.4215,1,175.29498901367188,175.31578826904297,180.04894790649413
2023-08-25,176.87750244140625,177.41225784961358,174.1145717959043,175.6594375427037,51449600,0.375,0.455,0.17,0.4215,1,176.11099548339843,175.3969955444336,179.2093765258789
2023-08-28,178.44216918945312,178.83828316683332,176.8180777049469,178.34313313971825,43820700,0.375,0.455,0.17,0.4215,1,176.97255859375,175.469287109375,178.41737899780273
2023-08-29,182.3340301513672,183.10646293821267,177.75884901223952,177.9569059889832,53003900,0.375,0.455,0.17,0.4215,1,178.33719177246093,176.12981414794922,177.86151123046875
2023-08-30,185.82980346679688,186.027875570887,182.9480417259573,183.14609871926743,60813900,0.375,0.455,0.17,0.4215,1,179.63052368164062,177.22706756591796,177.63026123046876
2023-08-31,186.0476531982422,187.28552817850573,185.6614368088311,186.0179454075781,60794500,0.375,0.455,0.17,0.4215,1,181.90623168945314,178.6006103515625,177.47962646484376
2023-09-01,187.62228393554688,188.0778135688955,186.4537218332531,187.6519917329052,45766500,0.375,0.455,0.17,0.4215,1,184.05518798828126,180.08309173583984,177.8616569519043
2023-09-05,187.85992431640625,188.1372071331358,185.7902007519677,186.453699999912,45280000,0.375,0.455,0.17,0.4215,0,185.93873901367186,181.45564880371094,178.41083679199218
2023-09-06,181.1357879638672,187.01817274977,179.70975345688714,186.57252563325392,81755800,0.375,0.455,0.17,0.4215,0,185.69909057617187,182.0181411743164,178.57683410644532
2023-09-07,175.83767700195312,176.4813811102254,171.8566665123906,173.48075801343515,112488800,0.375,0.455,0.17,0.4215,1,183.70066528320314,181.66559448242188,178.55753707885742
2023-09-08,176.45166015625,178.4916910043361,176.06544373133067,176.62002446653017,65551300,0.375,0.455,0.17,0.4215,1,181.78146667480468,181.8438491821289,178.57981872558594
2023-09-11,177.62022399902344,178.5511084974291,175.619813594627,178.3233437087065,58953100,0.375,0.455,0.17,0.4215,0,179.7810546875,181.91812133789062,178.6575584411621
2023-09-12,174.58990478515625,178.38275585399316,173.1242649174268,177.7489644157226,90370200,0.375,0.455,0.17,0.4215,0,177.12705078125,181.53289489746095,178.50109100341797
2023-09-13,172.5201873779297,175.58021106580875,172.29240747476095,174.7978655233742,84267900,0.375,0.455,0.17,0.4215,1,175.4039306640625,180.5515106201172,178.3406623840332
2023-09-14,174.03533935546875,174.39184798430878,171.89628758242847,172.31221179761187,60895800,0.375,0.455,0.17,0.4215,0,175.04346313476563,179.37206420898437,178.29956588745117
2023-09-15,173.31240844726562,174.78796097983732,172.13396406629226,174.76815074757482,109259500,0.375,0.455,0.17,0.4215,1,174.41561279296874,178.09853973388672,178.3495750427246
2023-09-18,176.2436981201172,177.64002479353724,174.46115503817452,174.76814563074643,67257600,0.375,0.455,0.17,0.4215,1,174.1403076171875,176.96068115234374,178.5218864440918
2023-09-19,177.33302307128906,177.8875886373594,175.41183870970377,175.79805509398693,51826900,0.375,0.455,0.17,0.4215,0,174.68893127441407,175.90799102783203,178.68181991577148
2023-09-20,173.78775024414062,177.95690472942889,173.69861176107497,177.5211703172096,58436200,0.375,0.455,0.17,0.4215,0,174.94244384765625,175.17318725585938,178.59566421508788
2023-09-21,172.24290466308594,174.5899263869401,172.1735915074449,172.8569010557525,63149100,0.375,0.455,0.17,0.4215,1,174.58395690917968,174.81371002197267,178.23965225219726
2023-09-22,173.09454345703125,175.36233909077248,172.36173107244514,172.97571228348323,56725400,0.375,0.455,0.17,0.4215,1,174.5403839111328,174.47799835205078,178.16092376708986
2023-09-25,174.3720245361328,175.25339092524624,172.46073769252675,172.51025571431984,46172700,0.375,0.455,0.17,0.4215,0,174.16604919433593,174.1531784057617,178.03564987182617
2023-09-26,170.2919921875,173.50055447022797,169.99489916963813,173.1242507509963,64588900,0.375,0.455,0.17,0.4215,0,172.75784301757812,173.7233871459961,177.6281410217285
2023-09-27,168.77684020996094,171.3615240971404,167.41023633579258,170.94559986493434,66921800,0.375,0.455,0.17,0.4215,1,171.7556610107422,173.34905242919922,176.9502815246582
2023-09-28,169.03433227539062,170.36133082824708,165.9941036111019,167.69742105029528,56294400,0.375,0.455,0.17,0.4215,1,171.11394653320312,172.8489517211914,176.1105079650879
2023-09-29,169.54928588867188,171.39124466953126,168.68771453081845,170.35142654777866,51861100,0.375,0.455,0.17,0.4215,1,170.40489501953124,172.47263946533204,175.28558959960938
2023-10-02,172.06463623046875,172.6093042881744,169.2719827950215,169.55917827580257,52164500,0.375,0.455,0.17,0.4215,0,169.94341735839845,172.0547332763672,174.50770721435546
2023-10-03,170.7277374267578,171.94581747397606,169.1630765091389,170.589096012129,49594600,0.375,0.455,0.17,0.4215,1,170.03056640625,171.39420471191406,173.65109786987304
2023-10-04,171.9755096435547,172.5201776911012,169.31160010164683,169.43043127173715,53020300,0.375,0.455,0.17,0.4215,1,170.67030029296876,171.21298065185547,173.1930839538574
2023-10-05,173.21339416503906,173.74814957044222,171.00501406167223,172.1042477774046,48527900,0.375,0.455,0.17,0.4215,1,171.50611267089843,171.31002960205078,173.0618698120117
2023-10-06,175.76837158203125,176.26352163595584,171.5001654241457,172.1141617663429,57266700,0.375,0.455,0.17,0.4215,1,172.74992980957032,171.5774124145508,173.02770538330077
2023-10-09,177.2538299560547,177.31324554755352,174.0947700479303,175.0949677633166,42390800,0.375,0.455,0.17,0.4215,0,173.7877685546875,171.86559295654297,173.00938568115234
2023-10-10,176.65963745117188,177.97673842144718,176.2239029815132,176.37245706568626,43698000,0.375,0.455,0.17,0.4215,1,174.97414855957032,172.50235748291016,173.1128723144531
2023-10-11,178.0559844970703,178.10550253076042,175.8773270117473,176.4714980836814,47551100,0.375,0.455,0.17,0.4215,1,176.19024353027345,173.4302719116211,173.38966217041016
2023-10-12,178.95713806152344,180.57131695227565,177.30332359387822,178.3233466007442,56743100,0.375,0.455,0.17,0.4215,0,177.3389923095703,174.42255249023438,173.6357521057129
2023-10-13,177.11517333984375,180.1652842541005,176.41205364228972,179.6602366589199,51427100,0.375,0.455,0.17,0.4215,0,177.6083526611328,175.17914123535155,173.8258903503418
2023-10-16,176.9864044189453,177.34291299761338,174.79783492835955,175.03551235106417,52517000,0.375,0.455,0.17,0.4215,0,177.55486755371095,175.67131805419922,173.8630256652832
2023-10-17,175.43165588378906,176.6893412361662,173.1044597256959,174.93650583601004,57549400,0.375,0.455,0.17,0.4215,0,177.30927124023438,176.14170989990234,173.7679573059082
2023-10-18,174.1343536376953,175.8574811296678,173.41143884685883,173.87688106979198,54764400,0.375,0.455,0.17,0.4215,0,176.5249450683594,176.35759429931642,173.78528747558593
2023-10-19,173.75807189941406,176.11497599372035,173.49068662646167,174.33243269200634,59302900,0.375,0.455,0.17,0.4215,0,175.4851318359375,176.4120620727539,173.86104583740234
2023-10-20,171.20306396484375,173.718419244541,170.96538653172513,173.60948564320893,64244000,0.375,0.455,0.17,0.4215,1,174.3027099609375,175.95553131103514,173.76647186279297
2023-10-23,171.32191467285156,172.32211231863303,168.2816861592976,169.25219112217718,55980100,0.375,0.455,0.17,0.4215,1,173.16981201171876,175.36233978271486,173.6139663696289
2023-10-24,171.75765991210938,171.98542471489895,169.78695717971306,171.37144345921354,43816600,0.375,0.455,0.17,0.4215,0,172.4350128173828,174.87214202880858,173.68724975585937
2023-10-25,169.44036865234375,171.38134856384042,168.99472147795794,170.21280159213268,57157000,0.375,0.455,0.17,0.4215,0,171.4962158203125,174.01058044433594,173.7204261779785
2023-10-26,165.27117919921875,169.71763198356828,164.06301189675906,168.71741923518283,70625300,0.375,0.455,0.17,0.4215,1,169.79883728027343,172.64198455810546,173.53226852416992
2023-10-27,166.5883026123047,167.32113020792602,165.21178592419773,165.2910117543283,58499100,0.375,0.455,0.17,0.4215,1,168.87588500976562,171.58929748535155,173.38421936035155
2023-10-30,168.63818359375,169.5096524459554,167.23195938000526,167.38051344932887,51131000,0.375,0.455,0.17,0.4215,1,168.33913879394532,170.75447540283204,173.21289672851563
2023-10-31,169.11355590820312,169.24228464861295,166.27138428536674,167.70733154956028,44846000,0.375,0.455,0.17,0.4215,1,167.81031799316406,170.12266540527344,173.1321876525879
2023-11-01,172.28250122070312,172.53997379429074,168.46983997695696,169.34130885799144,56934900,0.375,0.455,0.17,0.4215,1,168.37874450683594,169.9374801635742,173.1475372314453
2023-11-02,175.8476104736328,176.05556504970008,173.75807648633753,173.8174920794996,77334800,0.375,0.455,0.17,0.4215,0,170.49403076171876,170.14643402099608,173.279248046875
2023-11-03,174.93649291992188,175.10485722122257,171.66851493448934,172.5498813500308,79829200,0.375,0.455,0.17,0.4215,1,172.16366882324218,170.5197769165039,173.23765411376954
2023-11-06,177.49148559570312,177.68954259678722,174.50079012453784,174.66913933099835,63841300,0.375,0.455,0.17,0.4215,1,173.9343292236328,171.13673400878906,173.24953689575196
2023-11-07,180.05636596679688,180.67034717470037,177.23400472320088,177.44195927584823,70530000,0.375,0.455,0.17,0.4215,1,176.12289123535157,171.96660461425782,173.41937332153321
2023-11-08,181.115966796875,181.6705323803792,179.8285737718667,180.5812114444328,49340300,0.375,0.455,0.17,0.4215,0,177.88958435058595,173.13416442871093,173.57237243652344
2023-11-09,180.640625,182.33402952271555,180.04643896103886,181.18529301725127,53763500,0.375,0.455,0.17,0.4215,1,178.8481872558594,174.67110900878907,173.65654678344725
2023-11-10,184.83511352539065,185.00369964258533,181.989212824357,182.4255213215233,66133400,0.375,0.455,0.17,0.4215,0,180.82791137695312,176.49579010009765,174.04254379272462
2023-11-13,183.24855041503903,184.4682199516521,182.6635072771428,184.25999143916752,43627500,0.375,0.455,0.17,0.4215,1,181.9793243408203,177.95682678222656,174.35565109252929
2023-11-14,185.8664093017578,186.53078271340212,184.7359804157126,186.1242211071054,60108400,0.375,0.455,0.17,0.4215,1,183.1413330078125,179.63211212158203,174.87738876342775
2023-11-15,186.43161010742188,187.90910668353808,186.20354524355437,186.2729648412074,53790500,0.375,0.455,0.17,0.4215,1,184.20446166992187,181.0470230102539,175.49225158691405
2023-11-16,188.1173248291016,189.356830641734,187.06621119021287,187.9785007833142,54412900,0.375,0.455,0.17,0.4215,0,185.69980163574218,182.27399444580078,176.21021423339843
2023-11-17,188.09750366210935,188.78171334674664,186.98691120628507,188.65279989002156,50922700,0.375,0.455,0.17,0.4215,1,186.35227966308594,183.59009552001953,177.05493621826173
2023-11-20,189.8427276611328,190.29887250675844,188.2859160609316,188.2958266614519,46505100,0.375,0.455,0.17,0.4215,0,187.67111511230468,184.8252197265625,177.9809768676758
2023-11-21,189.03952026367188,189.9121372454657,188.14708208188244,189.80306012274144,38134500,0.375,0.455,0.17,0.4215,1,188.3057373046875,185.72353515625,178.8450698852539
2023-11-22,189.7039031982422,191.31029805901488,189.22793715258507,189.88239992204348,39617700,0.375,0.455,0.17,0.4215,0,188.96019592285157,186.58232879638672,179.85824661254884
2023-11-24,188.37515258789065,189.2973377280717,187.66119596873028,189.26759079649733,24048300,0.375,0.455,0.17,0.4215,0,189.0117614746094,187.35578155517578,181.01344528198243
2023-11-27,188.1966552734375,189.0692722786972,187.31412766791345,188.3255687303111,40552600,0.375,0.455,0.17,0.4215,1,189.031591796875,187.69193572998046,182.09386291503907
2023-11-28,188.8015289306641,189.4758279949889,187.8099242301234,188.1867388581487,38415400,0.375,0.455,0.17,0.4215,0,188.82335205078124,188.247233581543,183.10203018188477
2023-11-29,187.78021240234372,190.47737890246532,187.38357650025696,189.29736666732592,43014200,0.375,0.455,0.17,0.4215,1,188.5714904785156,188.43861389160156,184.0353630065918
2023-11-30,188.35531616210935,188.7222202024886,186.61009727764167,188.2462390361622,48794400,0.375,0.455,0.17,0.4215,1,188.30177307128906,188.6309844970703,184.8390037536621
2023-12-01,189.63449096679688,189.9517966073436,187.64135580786584,188.73212704562349,45704800,0.375,0.455,0.17,0.4215,0,188.55364074707032,188.78270111083984,185.52834777832032
2023-12-04,187.8396759033203,188.45448112204545,185.87630278327032,188.38506152852517,43389500,0.375,0.455,0.17,0.4215,1,188.48224487304688,188.75691833496094,186.17350692749022
2023-12-05,191.7961883544922,192.7679567699872,188.5833835270736,188.61314558971708,66628400,0.375,0.455,0.17,0.4215,0,189.0811767578125,188.95226440429687,186.88874206542968
2023-12-06,190.70542907714844,193.1249319103576,190.4971854261922,192.8175368647406,41089700,0.375,0.455,0.17,0.4215,1,189.66622009277344,189.11885528564454,187.42119522094725
2023-12-07,192.6390380859375,193.3629052381858,191.96473906125271,192.0044117201268,47477700,0.375,0.455,0.17,0.4215,1,190.52296447753906,189.41236877441406,187.9973487854004
2023-12-08,194.0669708251953,194.3446189426589,192.04408867717456,192.56963798027985,53406400,0.375,0.455,0.17,0.4215,0,191.40946044921876,189.98155059814454,188.66866607666014
2023-12-11,191.55821228027344,191.86562248491865,189.8129932403368,191.4888078106811,60943700,0.375,0.455,0.17,0.4215,1,192.15316772460938,190.3177062988281,189.00482101440429
2023-12-12,193.07537841796875,193.08528901898003,190.1104746012234,191.45905774250065,52696900,0.375,0.455,0.17,0.4215,1,192.40900573730468,190.74509124755858,189.49616241455078
2023-12-13,196.298095703125,196.33775323819532,193.2142041253177,193.4521795971172,70404200,0.375,0.455,0.17,0.4215,1,193.5275390625,191.5968795776367,190.01774673461915
2023-12-14,196.44680786132807,197.94412551234103,194.51318172109637,196.3575670696298,66831600,0.375,0.455,0.17,0.4215,0,194.2890930175781,192.4060287475586,190.51850662231445
2023-12-15,195.91134643554688,196.734365015635,195.3461244978741,195.87167377464692,128538400,0.375,0.455,0.17,0.4215,0,194.6579681396484,193.0337142944336,190.90820770263673
2023-12-18,194.24546813964844,194.9792611555933,192.75806090539805,194.44378607807735,55751900,0.375,0.455,0.17,0.4215,1,195.1954193115234,193.6742935180664,191.21560592651366
2023-12-19,195.28662109375,195.29653169314724,194.2454331909677,194.51317068155427,40714100,0.375,0.455,0.17,0.4215,0,195.63766784667968,194.0233367919922,191.48780059814453
2023-12-20,193.19436645507807,196.0204310779547,193.19436645507807,195.24698053858316,52242800,0.375,0.455,0.17,0.4215,0,195.01692199707028,194.27223052978516,191.6955429077148
2023-12-21,193.0456085205078,195.42546903656068,191.87552215973167,194.4537006027836,46482500,0.375,0.455,0.17,0.4215,0,194.33668212890626,194.3128875732422,191.8626281738281
2023-12-22,191.97467041015625,193.7694724442452,191.3499546254364,193.5413924757588,37149600,0.375,0.455,0.17,0.4215,0,193.54934692382812,194.1036575317383,192.04260406494137
2023-12-26,191.4292907714844,192.262235089905,191.21113652656177,191.9845869837648,28919300,0.375,0.455,0.17,0.4215,1,192.98611145019532,194.09076538085938,192.20423583984376
2023-12-27,191.5284423828125,191.87551008122907,189.4857391150024,190.8739947779816,48087700,0.375,0.455,0.17,0.4215,1,192.2344757080078,193.93607177734376,192.34058151245117
2023-12-28,191.95486450195312,193.02579953233345,191.54830289093405,192.51016078496025,34049900,0.375,0.455,0.17,0.4215,0,191.9865753173828,193.50174865722656,192.54931411743163
2023-12-29,190.9136657714844,192.76796185552627,190.12037892679612,192.27215946893213,42672100,0.375,0.455,0.17,0.4215,0,191.56018676757813,192.94843444824218,192.6772315979004
